{"cameraMode":{"drawMode":0,"name":"Shaded","section":"Shading Mode"},"sceneLighting":true,"audioPlay":false,"sceneViewState":{"m_AlwaysRefresh":false,"showFog":true,"showSkybox":true,"showFlares":true,"showImageEffects":true,"showParticleSystems":true,"showVisualEffectGraphs":true,"m_FxEnabled":true},"in2DMode":false,"pivot":{"x":-9.000349044799805,"y":1.4657450914382935,"z":2.0493319034576418},"rotation":{"x":0.007277390919625759,"y":0.9955650568008423,"z":-0.08398216217756272,"w":0.05176426097750664},"size":1.446044683456421,"orthographic":false}