{"cameraMode":{"drawMode":0,"name":"Shaded","section":"Shading Mode"},"sceneLighting":true,"audioPlay":false,"sceneViewState":{"m_AlwaysRefresh":false,"showFog":true,"showSkybox":true,"showFlares":true,"showImageEffects":true,"showParticleSystems":true,"showVisualEffectGraphs":true,"m_FxEnabled":true},"in2DMode":false,"pivot":{"x":-22.3482608795166,"y":20.18704605102539,"z":29.251466751098634},"rotation":{"x":0.0020963011775165798,"y":-0.9653435945510864,"z":0.2612667679786682,"w":0.009388606995344162},"size":13.801234245300293,"orthographic":false}