{"cameraMode":{"drawMode":0,"name":"Shaded","section":"Shading Mode"},"sceneLighting":true,"audioPlay":false,"sceneViewState":{"m_AlwaysRefresh":false,"showFog":true,"showSkybox":true,"showFlares":true,"showImageEffects":true,"showParticleSystems":true,"showVisualEffectGraphs":true,"m_FxEnabled":true},"in2DMode":false,"pivot":{"x":4.431507587432861,"y":8.560930252075196,"z":4.23352575302124},"rotation":{"x":0.0007709133205935359,"y":-0.9833410382270813,"z":0.182305708527565,"w":0.006580010522156954},"size":13.801234245300293,"orthographic":false}