{"cameraMode":{"drawMode":0,"name":"Shaded","section":"Shading Mode"},"sceneLighting":true,"audioPlay":false,"sceneViewState":{"m_AlwaysRefresh":false,"showFog":true,"showSkybox":true,"showFlares":true,"showImageEffects":true,"showParticleSystems":true,"showVisualEffectGraphs":true,"m_FxEnabled":true},"in2DMode":false,"pivot":{"x":33.717533111572269,"y":24.298227310180665,"z":37.765724182128909},"rotation":{"x":-0.12438108026981354,"y":0.6998384594917297,"z":-0.12512286007404328,"w":-0.6925213932991028},"size":3.9499919414520265,"orthographic":false}